Workbook

Sheet Cómo usar
B2: Doble Hoja · Prospección
B3: Planilla para las visitas puerta a puerta y el seguimiento de clientes. Se puede subir a Google Sheets (Archivo → Importar).
B5: Hoja | C5: Para qué sirve
B6: Prospectos | C6: Un renglón por negocio. Cargás los datos la primera vez que lo visitás y vas actualizando el Estado y el Próximo contacto.
B7: Visitas | C7: Un renglón por cada contacto (visita, WhatsApp o llamada) con su resultado. Si hubo pedido, cargá el monto: de acá salen las ventas.
B8: Administraciones | C8: Las administraciones de consorcio: cuántos edificios manejan en tus zonas y si ya les dejaste la carpeta.
B9: Semana | C9: Se calcula sola con lo que cargás en Visitas y Prospectos. Solo cambiá la fecha de la primera semana si querés.
B10: Listas | C10: Las opciones de los desplegables. Si agregás un rubro o una zona, hacelo al final de su columna.
B12: Colores | C12: Cargá los datos desde la fila 2 de Prospectos, Visitas y Administraciones. Gris azulado: se calcula solo, no lo toques. Amarillo: la fila de ejemplo (borrala) y la fecha de inicio en Semana.
B13: Atrasados | C13: En Prospectos, la columna Aviso marca en rojo a quién tenías que contactar hoy o antes.
B14: Ejemplos | C14: La primera fila de Prospectos, Visitas y Administraciones es un ejemplo: borrala cuando cargues el primer dato real.
B15: Rutina | C15: Todos los días: cargá las visitas. Viernes: mirá la hoja Semana y filtrá Prospectos por Aviso para armar la semana siguiente.

Sheet Prospectos
A1: Fecha alta | B1: Negocio | C1: Rubro | D1: Zona | E1: Dirección | F1: Contacto | G1: Teléfono | H1: Cómo llegó | I1: Qué le dejé | J1: Estado | K1: Próximo paso | L1: Próximo contacto | M1: Ticket estimado ($) | N1: Primer pedido | O1: Aviso | P1: Notas
A2: 46307 | B2: Rotisería de ejemplo (borrar) | C2: Gastronomía | D2: GBA Sur | E2: Av. Hipólito Yrigoyen 1234, Lanús | F2: Dueño: Carlos | G2: 11 5555-0000 | H2: Visita en la calle | I2: Muestra + imán | J2: Visitado | K2: Mandar link de gastronomía y volver el miércoles | L2: 46309 | M2: 60000 | O2: =IF(AND(L2<>"",L2<=TODAY(),J2<>"Sin interés"),"Contactar","") | P2: Compra servilletas y bolsas cada semana a un mayorista de Avellaneda.
O3: =IF(AND(L3<>"",L3<=TODAY(),J3<>"Sin interés"),"Contactar","")
O4: =IF(AND(L4<>"",L4<=TODAY(),J4<>"Sin interés"),"Contactar","")
O5: =IF(AND(L5<>"",L5<=TODAY(),J5<>"Sin interés"),"Contactar","")
O6: =IF(AND(L6<>"",L6<=TODAY(),J6<>"Sin interés"),"Contactar","")
O7: =IF(AND(L7<>"",L7<=TODAY(),J7<>"Sin interés"),"Contactar","")
O8: =IF(AND(L8<>"",L8<=TODAY(),J8<>"Sin interés"),"Contactar","")
O9: =IF(AND(L9<>"",L9<=TODAY(),J9<>"Sin interés"),"Contactar","")
O10: =IF(AND(L10<>"",L10<=TODAY(),J10<>"Sin interés"),"Contactar","")
O11: =IF(AND(L11<>"",L11<=TODAY(),J11<>"Sin interés"),"Contactar","")
O12: =IF(AND(L12<>"",L12<=TODAY(),J12<>"Sin interés"),"Contactar","")
O13: =IF(AND(L13<>"",L13<=TODAY(),J13<>"Sin interés"),"Contactar","")
O14: =IF(AND(L14<>"",L14<=TODAY(),J14<>"Sin interés"),"Contactar","")
... O401: =IF(AND(L401<>"",L401<=TODAY(),J401<>"Sin interés"),"Contactar","")

Sheet Visitas
A1: Fecha | B1: Negocio | C1: Zona | D1: Tipo | E1: Qué le dejé | F1: Resultado | G1: Monto del pedido ($) | H1: Notas
A2: 46307 | B2: Rotisería de ejemplo (borrar) | C2: GBA Sur | D2: Visita | E2: Muestra + imán | F2: Volver a pasar | H2: Lo atendió el encargado; el dueño está a la tarde.

Sheet Administraciones
A1: Administración | B1: Contacto | C1: Teléfono | D1: Email | E1: Edificios en tus zonas | F1: Direcciones de los edificios | G1: Zona | H1: Carpeta entregada | I1: Estado | J1: Próximo paso | K1: Próximo contacto | L1: Notas
A2: Administración de ejemplo (borrar) | B2: Laura (administradora) | C2: 11 4444-0000 | E2: 12 | F2: Rivadavia 4500; Acoyte 300; Rosario 800 | G2: CABA | I2: Contactado | J2: Llevar carpeta con propuesta por edificio | K2: 46310 | L2: Datos sacados de la placa del edificio de Rivadavia 4500.

Sheet Semana
A1: Resumen semanal
A2: Se calcula solo con Visitas y Prospectos. Cambiá solo la fecha de la primera semana (amarillo); las demás se arman solas.
A4: Semana desde | B4: Hasta | C4: Contactos | D4: Prospectos nuevos | E4: Cotizaciones | F4: Primeros pedidos | G4: Pedidos repetidos | H4: Ventas ($) | I4: Conversión | J4: Ticket promedio ($)
A5: 46307 | B5: =A5+6 | C5: =COUNTIFS(Visitas!$A$2:$A$401,">="&A5,Visitas!$A$2:$A$401,"<="&B5) | D5: =COUNTIFS(Prospectos!$A$2:$A$401,">="&A5,Prospectos!$A$2:$A$401,"<="&B5) | E5: =COUNTIFS(Visitas!$A$2:$A$401,">="&A5,Visitas!$A$2:$A$401,"<="&B5,Visitas!$F$2:$F$401,"Cotización enviada") | F5: =COUNTIFS(Visitas!$A$2:$A$401,">="&A5,Visitas!$A$2:$A$401,"<="&B5,Visitas!$F$2:$F$401,"Primer pedido") | G5: =COUNTIFS(Visitas!$A$2:$A$401,">="&A5,Visitas!$A$2:$A$401,"<="&B5,Visitas!$F$2:$F$401,"Pedido repetido") | H5: =SUMIFS(Visitas!$G$2:$G$401,Visitas!$A$2:$A$401,">="&A5,Visitas!$A$2:$A$401,"<="&B5) | I5: =IF(C5=0,"",F5/C5) | J5: =IF(F5+G5=0,"",H5/(F5+G5))
A6: =A5+7 | B6: =A6+6 | C6: =COUNTIFS(Visitas!$A$2:$A$401,">="&A6,Visitas!$A$2:$A$401,"<="&B6) | D6: =COUNTIFS(Prospectos!$A$2:$A$401,">="&A6,Prospectos!$A$2:$A$401,"<="&B6) | E6: =COUNTIFS(Visitas!$A$2:$A$401,">="&A6,Visitas!$A$2:$A$401,"<="&B6,Visitas!$F$2:$F$401,"Cotización enviada") | F6: =COUNTIFS(Visitas!$A$2:$A$401,">="&A6,Visitas!$A$2:$A$401,"<="&B6,Visitas!$F$2:$F$401,"Primer pedido") | G6: =COUNTIFS(Visitas!$A$2:$A$401,">="&A6,Visitas!$A$2:$A$401,"<="&B6,Visitas!$F$2:$F$401,"Pedido repetido") | H6: =SUMIFS(Visitas!$G$2:$G$401,Visitas!$A$2:$A$401,">="&A6,Visitas!$A$2:$A$401,"<="&B6) | I6: =IF(C6=0,"",F6/C6) | J6: =IF(F6+G6=0,"",H6/(F6+G6))
A7: =A6+7 | B7: =A7+6 | C7: =COUNTIFS(Visitas!$A$2:$A$401,">="&A7,Visitas!$A$2:$A$401,"<="&B7) | D7: =COUNTIFS(Prospectos!$A$2:$A$401,">="&A7,Prospectos!$A$2:$A$401,"<="&B7) | E7: =COUNTIFS(Visitas!$A$2:$A$401,">="&A7,Visitas!$A$2:$A$401,"<="&B7,Visitas!$F$2:$F$401,"Cotización enviada") | F7: =COUNTIFS(Visitas!$A$2:$A$401,">="&A7,Visitas!$A$2:$A$401,"<="&B7,Visitas!$F$2:$F$401,"Primer pedido") | G7: =COUNTIFS(Visitas!$A$2:$A$401,">="&A7,Visitas!$A$2:$A$401,"<="&B7,Visitas!$F$2:$F$401,"Pedido repetido") | H7: =SUMIFS(Visitas!$G$2:$G$401,Visitas!$A$2:$A$401,">="&A7,Visitas!$A$2:$A$401,"<="&B7) | I7: =IF(C7=0,"",F7/C7) | J7: =IF(F7+G7=0,"",H7/(F7+G7))
A8: =A7+7 | B8: =A8+6 | C8: =COUNTIFS(Visitas!$A$2:$A$401,">="&A8,Visitas!$A$2:$A$401,"<="&B8) | D8: =COUNTIFS(Prospectos!$A$2:$A$401,">="&A8,Prospectos!$A$2:$A$401,"<="&B8) | E8: =COUNTIFS(Visitas!$A$2:$A$401,">="&A8,Visitas!$A$2:$A$401,"<="&B8,Visitas!$F$2:$F$401,"Cotización enviada") | F8: =COUNTIFS(Visitas!$A$2:$A$401,">="&A8,Visitas!$A$2:$A$401,"<="&B8,Visitas!$F$2:$F$401,"Primer pedido") | G8: =COUNTIFS(Visitas!$A$2:$A$401,">="&A8,Visitas!$A$2:$A$401,"<="&B8,Visitas!$F$2:$F$401,"Pedido repetido") | H8: =SUMIFS(Visitas!$G$2:$G$401,Visitas!$A$2:$A$401,">="&A8,Visitas!$A$2:$A$401,"<="&B8) | I8: =IF(C8=0,"",F8/C8) | J8: =IF(F8+G8=0,"",H8/(F8+G8))
A9: =A8+7 | B9: =A9+6 | C9: =COUNTIFS(Visitas!$A$2:$A$401,">="&A9,Visitas!$A$2:$A$401,"<="&B9) | D9: =COUNTIFS(Prospectos!$A$2:$A$401,">="&A9,Prospectos!$A$2:$A$401,"<="&B9) | E9: =COUNTIFS(Visitas!$A$2:$A$401,">="&A9,Visitas!$A$2:$A$401,"<="&B9,Visitas!$F$2:$F$401,"Cotización enviada") | F9: =COUNTIFS(Visitas!$A$2:$A$401,">="&A9,Visitas!$A$2:$A$401,"<="&B9,Visitas!$F$2:$F$401,"Primer pedido") | G9: =COUNTIFS(Visitas!$A$2:$A$401,">="&A9,Visitas!$A$2:$A$401,"<="&B9,Visitas!$F$2:$F$401,"Pedido repetido") | H9: =SUMIFS(Visitas!$G$2:$G$401,Visitas!$A$2:$A$401,">="&A9,Visitas!$A$2:$A$401,"<="&B9) | I9: =IF(C9=0,"",F9/C9) | J9: =IF(F9+G9=0,"",H9/(F9+G9))
A10: =A9+7 | B10: =A10+6 | C10: =COUNTIFS(Visitas!$A$2:$A$401,">="&A10,Visitas!$A$2:$A$401,"<="&B10) | D10: =COUNTIFS(Prospectos!$A$2:$A$401,">="&A10,Prospectos!$A$2:$A$401,"<="&B10) | E10: =COUNTIFS(Visitas!$A$2:$A$401,">="&A10,Visitas!$A$2:$A$401,"<="&B10,Visitas!$F$2:$F$401,"Cotización enviada") | F10: =COUNTIFS(Visitas!$A$2:$A$401,">="&A10,Visitas!$A$2:$A$401,"<="&B10,Visitas!$F$2:$F$401,"Primer pedido") | G10: =COUNTIFS(Visitas!$A$2:$A$401,">="&A10,Visitas!$A$2:$A$401,"<="&B10,Visitas!$F$2:$F$401,"Pedido repetido") | H10: =SUMIFS(Visitas!$G$2:$G$401,Visitas!$A$2:$A$401,">="&A10,Visitas!$A$2:$A$401,"<="&B10) | I10: =IF(C10=0,"",F10/C10) | J10: =IF(F10+G10=0,"",H10/(F10+G10))
A11: =A10+7 | B11: =A11+6 | C11: =COUNTIFS(Visitas!$A$2:$A$401,">="&A11,Visitas!$A$2:$A$401,"<="&B11) | D11: =COUNTIFS(Prospectos!$A$2:$A$401,">="&A11,Prospectos!$A$2:$A$401,"<="&B11) | E11: =COUNTIFS(Visitas!$A$2:$A$401,">="&A11,Visitas!$A$2:$A$401,"<="&B11,Visitas!$F$2:$F$401,"Cotización enviada") | F11: =COUNTIFS(Visitas!$A$2:$A$401,">="&A11,Visitas!$A$2:$A$401,"<="&B11,Visitas!$F$2:$F$401,"Primer pedido") | G11: =COUNTIFS(Visitas!$A$2:$A$401,">="&A11,Visitas!$A$2:$A$401,"<="&B11,Visitas!$F$2:$F$401,"Pedido repetido") | H11: =SUMIFS(Visitas!$G$2:$G$401,Visitas!$A$2:$A$401,">="&A11,Visitas!$A$2:$A$401,"<="&B11) | I11: =IF(C11=0,"",F11/C11) | J11: =IF(F11+G11=0,"",H11/(F11+G11))
A12: =A11+7 | B12: =A12+6 | C12: =COUNTIFS(Visitas!$A$2:$A$401,">="&A12,Visitas!$A$2:$A$401,"<="&B12) | D12: =COUNTIFS(Prospectos!$A$2:$A$401,">="&A12,Prospectos!$A$2:$A$401,"<="&B12) | E12: =COUNTIFS(Visitas!$A$2:$A$401,">="&A12,Visitas!$A$2:$A$401,"<="&B12,Visitas!$F$2:$F$401,"Cotización enviada") | F12: =COUNTIFS(Visitas!$A$2:$A$401,">="&A12,Visitas!$A$2:$A$401,"<="&B12,Visitas!$F$2:$F$401,"Primer pedido") | G12: =COUNTIFS(Visitas!$A$2:$A$401,">="&A12,Visitas!$A$2:$A$401,"<="&B12,Visitas!$F$2:$F$401,"Pedido repetido") | H12: =SUMIFS(Visitas!$G$2:$G$401,Visitas!$A$2:$A$401,">="&A12,Visitas!$A$2:$A$401,"<="&B12) | I12: =IF(C12=0,"",F12/C12) | J12: =IF(F12+G12=0,"",H12/(F12+G12))
A13: =A12+7 | B13: =A13+6 | C13: =COUNTIFS(Visitas!$A$2:$A$401,">="&A13,Visitas!$A$2:$A$401,"<="&B13) | D13: =COUNTIFS(Prospectos!$A$2:$A$401,">="&A13,Prospectos!$A$2:$A$401,"<="&B13) | E13: =COUNTIFS(Visitas!$A$2:$A$401,">="&A13,Visitas!$A$2:$A$401,"<="&B13,Visitas!$F$2:$F$401,"Cotización enviada") | F13: =COUNTIFS(Visitas!$A$2:$A$401,">="&A13,Visitas!$A$2:$A$401,"<="&B13,Visitas!$F$2:$F$401,"Primer pedido") | G13: =COUNTIFS(Visitas!$A$2:$A$401,">="&A13,Visitas!$A$2:$A$401,"<="&B13,Visitas!$F$2:$F$401,"Pedido repetido") | H13: =SUMIFS(Visitas!$G$2:$G$401,Visitas!$A$2:$A$401,">="&A13,Visitas!$A$2:$A$401,"<="&B13) | I13: =IF(C13=0,"",F13/C13) | J13: =IF(F13+G13=0,"",H13/(F13+G13))
A14: =A13+7 | B14: =A14+6 | C14: =COUNTIFS(Visitas!$A$2:$A$401,">="&A14,Visitas!$A$2:$A$401,"<="&B14) | D14: =COUNTIFS(Prospectos!$A$2:$A$401,">="&A14,Prospectos!$A$2:$A$401,"<="&B14) | E14: =COUNTIFS(Visitas!$A$2:$A$401,">="&A14,Visitas!$A$2:$A$401,"<="&B14,Visitas!$F$2:$F$401,"Cotización enviada") | F14: =COUNTIFS(Visitas!$A$2:$A$401,">="&A14,Visitas!$A$2:$A$401,"<="&B14,Visitas!$F$2:$F$401,"Primer pedido") | G14: =COUNTIFS(Visitas!$A$2:$A$401,">="&A14,Visitas!$A$2:$A$401,"<="&B14,Visitas!$F$2:$F$401,"Pedido repetido") | H14: =SUMIFS(Visitas!$G$2:$G$401,Visitas!$A$2:$A$401,">="&A14,Visitas!$A$2:$A$401,"<="&B14) | I14: =IF(C14=0,"",F14/C14) | J14: =IF(F14+G14=0,"",H14/(F14+G14))
A15: =A14+7 | B15: =A15+6 | C15: =COUNTIFS(Visitas!$A$2:$A$401,">="&A15,Visitas!$A$2:$A$401,"<="&B15) | D15: =COUNTIFS(Prospectos!$A$2:$A$401,">="&A15,Prospectos!$A$2:$A$401,"<="&B15) | E15: =COUNTIFS(Visitas!$A$2:$A$401,">="&A15,Visitas!$A$2:$A$401,"<="&B15,Visitas!$F$2:$F$401,"Cotización enviada") | F15: =COUNTIFS(Visitas!$A$2:$A$401,">="&A15,Visitas!$A$2:$A$401,"<="&B15,Visitas!$F$2:$F$401,"Primer pedido") | G15: =COUNTIFS(Visitas!$A$2:$A$401,">="&A15,Visitas!$A$2:$A$401,"<="&B15,Visitas!$F$2:$F$401,"Pedido repetido") | H15: =SUMIFS(Visitas!$G$2:$G$401,Visitas!$A$2:$A$401,">="&A15,Visitas!$A$2:$A$401,"<="&B15) | I15: =IF(C15=0,"",F15/C15) | J15: =IF(F15+G15=0,"",H15/(F15+G15))
A16: =A15+7 | B16: =A16+6 | C16: =COUNTIFS(Visitas!$A$2:$A$401,">="&A16,Visitas!$A$2:$A$401,"<="&B16) | D16: =COUNTIFS(Prospectos!$A$2:$A$401,">="&A16,Prospectos!$A$2:$A$401,"<="&B16) | E16: =COUNTIFS(Visitas!$A$2:$A$401,">="&A16,Visitas!$A$2:$A$401,"<="&B16,Visitas!$F$2:$F$401,"Cotización enviada") | F16: =COUNTIFS(Visitas!$A$2:$A$401,">="&A16,Visitas!$A$2:$A$401,"<="&B16,Visitas!$F$2:$F$401,"Primer pedido") | G16: =COUNTIFS(Visitas!$A$2:$A$401,">="&A16,Visitas!$A$2:$A$401,"<="&B16,Visitas!$F$2:$F$401,"Pedido repetido") | H16: =SUMIFS(Visitas!$G$2:$G$401,Visitas!$A$2:$A$401,">="&A16,Visitas!$A$2:$A$401,"<="&B16) | I16: =IF(C16=0,"",F16/C16) | J16: =IF(F16+G16=0,"",H16/(F16+G16))
A17: =A16+7 | B17: =A17+6 | C17: =COUNTIFS(Visitas!$A$2:$A$401,">="&A17,Visitas!$A$2:$A$401,"<="&B17) | D17: =COUNTIFS(Prospectos!$A$2:$A$401,">="&A17,Prospectos!$A$2:$A$401,"<="&B17) | E17: =COUNTIFS(Visitas!$A$2:$A$401,">="&A17,Visitas!$A$2:$A$401,"<="&B17,Visitas!$F$2:$F$401,"Cotización enviada") | F17: =COUNTIFS(Visitas!$A$2:$A$401,">="&A17,Visitas!$A$2:$A$401,"<="&B17,Visitas!$F$2:$F$401,"Primer pedido") | G17: =COUNTIFS(Visitas!$A$2:$A$401,">="&A17,Visitas!$A$2:$A$401,"<="&B17,Visitas!$F$2:$F$401,"Pedido repetido") | H17: =SUMIFS(Visitas!$G$2:$G$401,Visitas!$A$2:$A$401,">="&A17,Visitas!$A$2:$A$401,"<="&B17) | I17: =IF(C17=0,"",F17/C17) | J17: =IF(F17+G17=0,"",H17/(F17+G17))
... A30: =A29+7 | B30: =A30+6 | C30: =COUNTIFS(Visitas!$A$2:$A$401,">="&A30,Visitas!$A$2:$A$401,"<="&B30) | D30: =COUNTIFS(Prospectos!$A$2:$A$401,">="&A30,Prospectos!$A$2:$A$401,"<="&B30) | E30: =COUNTIFS(Visitas!$A$2:$A$401,">="&A30,Visitas!$A$2:$A$401,"<="&B30,Visitas!$F$2:$F$401,"Cotización enviada") | F30: =COUNTIFS(Visitas!$A$2:$A$401,">="&A30,Visitas!$A$2:$A$401,"<="&B30,Visitas!$F$2:$F$401,"Primer pedido") | G30: =COUNTIFS(Visitas!$A$2:$A$401,">="&A30,Visitas!$A$2:$A$401,"<="&B30,Visitas!$F$2:$F$401,"Pedido repetido") | H30: =SUMIFS(Visitas!$G$2:$G$401,Visitas!$A$2:$A$401,">="&A30,Visitas!$A$2:$A$401,"<="&B30) | I30: =IF(C30=0,"",F30/C30) | J30: =IF(F30+G30=0,"",H30/(F30+G30))
A31: Total | C31: =SUM(C5:C30) | D31: =SUM(D5:D30) | E31: =SUM(E5:E30) | F31: =SUM(F5:F30) | G31: =SUM(G5:G30) | H31: =SUM(H5:H30) | I31: =IF(C31=0,"",F31/C31) | J31: =IF(F31+G31=0,"",H31/(F31+G31))
A33: Cartera
A34: Clientes activos | C34: =COUNTIF(Prospectos!$J$2:$J$401,"Cliente")+COUNTIF(Prospectos!$J$2:$J$401,"Recurrente")
A35: Recurrentes | C35: =COUNTIF(Prospectos!$J$2:$J$401,"Recurrente")
A36: Para contactar hoy | C36: =COUNTIF(Prospectos!$O$2:$O$401,"Contactar")
A37: Administraciones con carpeta | C37: =COUNT(Administraciones!$H$2:$H$401)
A38: Edificios alcanzados | C38: =SUMIFS(Administraciones!$E$2:$E$401,Administraciones!$I$2:$I$401,"Cliente")+SUMIFS(Administraciones!$E$2:$E$401,Administraciones!$I$2:$I$401,"Recurrente")

Sheet Listas
A1: Rubros | B1: Zonas | C1: Origen | D1: Dejado | E1: Estados | F1: Tipo | G1: Resultados
A2: Gastronomía | B2: CABA | C2: Visita en la calle | D2: Nada | E2: Nuevo | F2: Visita | G2: Sin respuesta
A3: Administración de consorcios | B3: GBA Norte | C3: Recomendación | D3: Ficha A5 | E3: Contactado | F3: WhatsApp | G3: Sin interés
A4: Edificio / encargado | B4: GBA Oeste | C4: Google | D4: Imán | E4: Visitado | F4: Llamada | G4: Volver a pasar
A5: Empresa de limpieza | B5: GBA Sur | C5: Instagram | D5: Muestra | E5: Cotizado | F5: Mail | G5: Cotización enviada
A6: Oficina o consultorio | B6: Otra | C6: WhatsApp | D6: Muestra + imán | E6: Cliente | G6: Primer pedido
A7: Gimnasio, peluquería o estética | C7: Mercado Libre | D7: Carpeta | E7: Recurrente | G7: Pedido repetido
A8: Almacén, autoservicio o kiosco | C8: QR imán | D8: Tarjeta | E8: Sin interés
A9: Colegio, jardín o club | C9: QR sticker | D9: Sticker
A10: Otro | C10: QR ficha
C11: QR carpeta
C12: QR camioneta
C13: Otro
